# Speaking Part 2 photographs: file	Unsplash CDN address	photo id	photographer	username
# Fetched with ?w=1024&fm=webp&q=70. All were free-licence (not Unsplash+) when chosen.
b1-cooking	https://images.unsplash.com/photo-1605433247501-698725862cea	UyEmagArOLY	Annie Spratt	anniespratt
b1-football	https://images.unsplash.com/photo-1777489689168-497290f235d5	y_sf8j3K2ZY	Simone Franchina	mrbubbaz
b1-market	https://images.unsplash.com/photo-1556360853-b581cf3c8eb2	R-xqhYU4ZKs	Stephan HK	chromatograph
b1-beach	https://images.unsplash.com/photo-1475503572774-15a45e5d60b9	SIOdjcYotms	Natalya Zaritskaya	goodmood77
b1-station	https://images.unsplash.com/photo-1736087224095-9be06180b51d	mTiPBTvoqVQ	Dominic Kurniawan Suryaputra	d_ks11
b1-camping	https://images.unsplash.com/photo-1674230316788-d9c8b92f0d63	XDt4MuJ58LI	Colin + Meg	colinandmeg
b2-study-library	https://images.unsplash.com/photo-1544456203-0af5a69f5789	YhfxJpa_Ch0	Praveen Gupta	praveeeeeeeen
b2-study-cafe	https://images.unsplash.com/photo-1739301674047-386ed15c7e16	0YBdk_6mSvY	Ninthgrid	ninthgrid_
b2-job-garden	https://images.unsplash.com/photo-1569880153113-76e33fc52d5f	1JgUGDdcWnM	Jed Owen	jediahowen
b2-job-construction	https://images.unsplash.com/photo-1628158088791-89567a8e84ec	PDjpA1yeonw	Valerie V	valerief
b2-celebrate-birthday	https://images.unsplash.com/photo-1714978444614-7a197c2309ee	E1qHLWspl-k	Vitaly Gariev	silverkblack
b2-celebrate-graduation	https://images.unsplash.com/photo-1627556704290-2b1f5853ff78	hpRGrfOIybc	RUT MIIT	rutmiit
b2-commute-bike	https://images.unsplash.com/photo-1758599543280-523cfcf85385	wYwm3Z0HvXg	Vitaly Gariev	silverkblack
b2-commute-metro	https://images.unsplash.com/photo-1749253382783-a7024601d7fd	X-nIOMKmGZY	Zoshua Colah	zoshuacolah
b2-learn-pottery	https://images.unsplash.com/photo-1519233181562-35b0b8bb2b1d	oRbtEWw_l04	Maggie Markel	mmarkelphotography
b2-learn-guitar	https://images.unsplash.com/photo-1758524944402-1903b38f848f	S-vWVfbGr28	Vitaly Gariev	silverkblack
b2-meal-picnic	https://images.unsplash.com/photo-1492093502190-25c0c7b3094c	q1QDZtYP2ow	Toa Heftiba	heftiba
b2-meal-restaurant	https://images.unsplash.com/photo-1765582870011-ff3cfdb06700	MAFMkfevd7w	tommao wang	tommaomaoer
c1-study-park	https://images.unsplash.com/photo-1790181302052-7f8c564fa605	ClMawWBYAzU	vos amo	vos666amo
c1-job-fishing	https://images.unsplash.com/photo-1598272465449-0448eb7f89e5	JFOG2KEZSMs	Paul Einerhand	pauleinerhand
c1-celebrate-trophy	https://images.unsplash.com/photo-1773949118355-8a0e8fd8053d	dyfgROHIbrY	Peter Zhan	peterzhan
c1-commute-car	https://images.unsplash.com/photo-1516862523118-a3724eb136d7	zAm1sdicGXc	Art Markiv	artmarkiv
c1-learn-cooking	https://images.unsplash.com/photo-1575691386840-d355059d6341	GF_XTjtTSgc	Trường Trung Cấp Kinh Tế Du Lịch Thành Phố Hồ Chí Minh CET	ceteduvn
c1-meal-street	https://images.unsplash.com/photo-1718942900361-d01a1ee8d077	WrjXO5ejQ4A	Michael Lock	milo_photo
